{"status": "success", "data": {"summary": {"all": {"kills": 138.0, "averageSpeedDuringMatch": 751.3256, "accuracy": 0.18019657808518383, "losses": 2.0, "avgLifeTime": 14.26771653543307, "shotsLanded": 495.0, "score": 21825.0, "headshots": 22.0, "utcConnectTimeS": 6549685537.0, "assists": 47.0, "draws": 0.0, "scorePerMinute": 722.682119205298, "distanceTraveled": 11996.1578, "deaths": 123.0, "wins": 2.0, "shotsMissed": 2252.0, "kdRatio": 1.1219512195121952, "scorePerGame": 5456.25, "prestigeAtEnd": 0.0, "hits": 495.0, "timePlayed": 1812.0, "headshotPercentage": 0.15942028985507245, "executions": 0.0, "matchesPlayed": 4.0, "suicides": 0.0, "wlRatio": 1.0, "percentTimeMoving": 379.18766, "utcDisconnectTimeS": 6549687349.0, "longestStreak": 9.0, "damageDone": 15889.0, "shots": 2747.0, "shotsFired": 2747.0, "damageTaken": 14938.0}, "dom": {"kills": 118.0, "averageSpeedDuringMatch": 399.48467, "accuracy": 0.17551755175517553, "losses": 2.0, "avgLifeTime": 13.141414141414142, "shotsLanded": 390.0, "score": 18225.0, "headshots": 20.0, "utcConnectTimeS": 3274843152.0, "assists": 31.0, "draws": 0.0, "scorePerMinute": 840.5073020753266, "distanceTraveled": 8721.075499999999, "deaths": 97.0, "wins": 0.0, "shotsMissed": 1832.0, "kdRatio": 1.2164948453608246, "scorePerGame": 9112.5, "prestigeAtEnd": 0.0, "hits": 390.0, "timePlayed": 1301.0, "headshotPercentage": 0.1694915254237288, "matchesPlayed": 2.0, "executions": 0.0, "suicides": 0.0, "wlRatio": 0.0, "percentTimeMoving": 199.30488, "utcDisconnectTimeS": 3274844453.0, "longestStreak": 9.0, "damageDone": 12905.0, "shots": 2222.0, "shotsFired": 2222.0, "damageTaken": 12004.0}, "war": {"kills": 20.0, "averageSpeedDuringMatch": 351.84093, "accuracy": 0.2, "losses": 0.0, "avgLifeTime": 18.25, "shotsLanded": 105.0, "score": 3600.0, "headshots": 2.0, "utcConnectTimeS": 3274842385.0, "assists": 16.0, "draws": 0.0, "scorePerMinute": 422.7005870841487, "distanceTraveled": 3275.0823, "deaths": 26.0, "wins": 2.0, "shotsMissed": 420.0, "kdRatio": 0.7692307692307693, "scorePerGame": 1800.0, "prestigeAtEnd": 0.0, "hits": 105.0, "timePlayed": 511.0, "headshotPercentage": 0.1, "matchesPlayed": 2.0, "executions": 0.0, "suicides": 0.0, "wlRatio": 0.0, "percentTimeMoving": 179.88278000000003, "utcDisconnectTimeS": 3274842896.0, "longestStreak": 4.0, "damageDone": 2984.0, "shots": 525.0, "shotsFired": 525.0, "damageTaken": 2934.0}}, "matches": [{"utcStartSeconds": 1637422214, "utcEndSeconds": 1637422845, "map": "mp_shipment_s4", "mode": "dom", "matchID": "11223466605266844299", "duration": 631000, "playlistName": "PLAYLIST/SHIP_HAUS_247_NAME", "version": 1, "gameType": "mp", "result": "loss", "winningTeam": null, "gameBattle": false, "team1Score": 0, "team2Score": 0, "isPresentAtEnd": true, "player": {"team": "axis", "awards": {}, "nemesis": "none", "mostKilled": "none", "platform": "battlenet", "loadouts": [], "operator": "shigenori", "operatorSkinId": 33585716.0, "operatorExecution": "execution_mp_universal_ref_variant_18", "loadout": []}, "playerStats": {"kills": 73.0, "rankAtEnd": 9.0, "averageSpeedDuringMatch": 199.63689, "accuracy": 0.16266025641025642, "shotsLanded": 203.0, "score": 11350.0, "headshots": 10.0, "utcConnectTimeS": 1637422207.0, "assists": 21.0, "scorePerMinute": 994.1605839416059, "distanceTraveled": 6501.129, "deaths": 46.0, "shotsMissed": 1045.0, "kdRatio": 1.5869565217391304, "prestigeAtEnd": 0.0, "hits": 203.0, "timePlayed": 685.0, "executions": 0.0, "suicides": 0.0, "percentTimeMoving": 99.67051, "utcDisconnectTimeS": 1637422892.0, "longestStreak": 9.0, "damageDone": 7576.0, "shots": 1248.0, "shotsFired": 1248.0, "damageTaken": 6559.0}, "weaponStats": {}, "allPlayers": null, "arena": false, "privateMatch": false}, {"utcStartSeconds": 1637421828, "utcEndSeconds": 1637422009, "map": "mp_whitehouse_2", "mode": "war", "matchID": "14129679531287922444", "duration": 181000, "playlistName": "PLAYLIST/SHIP_HAUS_247_NAME", "version": 1, "gameType": "mp", "result": "win", "winningTeam": null, "gameBattle": false, "team1Score": 0, "team2Score": 0, "isPresentAtEnd": true, "player": {"team": "axis", "awards": {}, "nemesis": "none", "mostKilled": "none", "platform": "battlenet", "loadouts": [], "operator": "shigenori", "operatorSkinId": 33585716.0, "operatorExecution": "execution_mp_universal_ref_variant_18", "loadout": []}, "playerStats": {"kills": 14.0, "rankAtEnd": 6.0, "averageSpeedDuringMatch": 182.95563, "accuracy": 0.20679886685552407, "shotsLanded": 73.0, "score": 2500.0, "headshots": 2.0, "utcConnectTimeS": 1637421824.0, "assists": 11.0, "scorePerMinute": 641.025641025641, "distanceTraveled": 1913.5492, "deaths": 12.0, "shotsMissed": 280.0, "kdRatio": 1.1666666666666667, "prestigeAtEnd": 0.0, "hits": 73.0, "timePlayed": 234.0, "executions": 0.0, "suicides": 0.0, "percentTimeMoving": 95.37573, "utcDisconnectTimeS": 1637422058.0, "longestStreak": 4.0, "damageDone": 1796.0, "shots": 353.0, "shotsFired": 353.0, "damageTaken": 1328.0}, "weaponStats": {}, "allPlayers": null, "arena": false, "privateMatch": false}, {"utcStartSeconds": 1637420867, "utcEndSeconds": 1637421513, "map": "mp_shipment_s4", "mode": "dom", "matchID": "8894915153221137393", "duration": 646000, "playlistName": "PLAYLIST/SHIP_HAUS_247_NAME", "version": 1, "gameType": "mp", "result": "loss", "winningTeam": null, "gameBattle": false, "team1Score": 0, "team2Score": 0, "isPresentAtEnd": true, "player": {"team": "allies", "awards": {}, "nemesis": "none", "mostKilled": "none", "platform": "battlenet", "loadouts": [], "operator": "shigenori", "operatorSkinId": 33585716.0, "operatorExecution": "execution_mp_universal_ref_variant_18", "loadout": []}, "playerStats": {"kills": 45.0, "rankAtEnd": 4.0, "averageSpeedDuringMatch": 199.84778, "accuracy": 0.1919917864476386, "shotsLanded": 187.0, "score": 6875.0, "headshots": 10.0, "utcConnectTimeS": 1637420945.0, "assists": 10.0, "scorePerMinute": 669.6428571428572, "distanceTraveled": 2219.9465, "deaths": 51.0, "shotsMissed": 787.0, "kdRatio": 0.8823529411764706, "prestigeAtEnd": 0.0, "hits": 187.0, "timePlayed": 616.0, "executions": 0.0, "suicides": 0.0, "percentTimeMoving": 99.63437, "utcDisconnectTimeS": 1637421561.0, "longestStreak": 3.0, "damageDone": 5329.0, "shots": 974.0, "shotsFired": 974.0, "damageTaken": 5445.0}, "weaponStats": {}, "allPlayers": null, "arena": false, "privateMatch": false}, {"utcStartSeconds": 1637420568, "utcEndSeconds": 1637420790, "map": "mp_whitehouse_2", "mode": "war", "matchID": "6877833248225892698", "duration": 222000, "playlistName": "PLAYLIST/SHIP_HAUS_247_NAME", "version": 1, "gameType": "mp", "result": "win", "winningTeam": null, "gameBattle": false, "team1Score": 0, "team2Score": 0, "isPresentAtEnd": true, "player": {"team": "allies", "awards": {}, "nemesis": "none", "mostKilled": "none", "platform": "battlenet", "loadouts": [], "operator": "shigenori", "operatorSkinId": 33585716.0, "operatorExecution": "execution_mp_universal_ref_variant_18", "loadout": []}, "playerStats": {"kills": 6.0, "rankAtEnd": 0.0, "averageSpeedDuringMatch": 168.8853, "accuracy": 0.18604651162790697, "shotsLanded": 32.0, "score": 1100.0, "headshots": 0.0, "utcConnectTimeS": 1637420561.0, "assists": 5.0, "scorePerMinute": 238.26714801444044, "distanceTraveled": 1361.5331, "deaths": 14.0, "shotsMissed": 140.0, "kdRatio": 0.42857142857142855, "prestigeAtEnd": 0.0, "hits": 32.0, "timePlayed": 277.0, "executions": 0.0, "suicides": 0.0, "percentTimeMoving": 84.50705, "utcDisconnectTimeS": 1637420838.0, "longestStreak": 1.0, "damageDone": 1188.0, "shots": 172.0, "shotsFired": 172.0, "damageTaken": 1606.0}, "weaponStats": {}, "allPlayers": null, "arena": false, "privateMatch": false}]}}